GP,Date,,Opponent,GF,GA,,,W,L,OL,Streak
1,2014-10-09,,Anaheim Ducks,6,4,W,,1,0,0,W 1
2,2014-10-11,@,Toronto Maple Leafs,5,2,W,,2,0,0,W 2
3,2014-10-16,,Dallas Stars,2,3,L,,2,1,0,L 1
4,2014-10-18,,New York Islanders,3,1,W,,3,1,0,W 1
5,2014-10-22,,Philadelphia Flyers,3,5,L,,3,2,0,L 1
6,2014-10-23,@,Detroit Red Wings,3,4,L,OT,3,2,1,L 2
7,2014-10-25,@,Nashville Predators,3,0,W,,4,2,1,W 1
8,2014-10-28,,New Jersey Devils,8,3,W,,5,2,1,W 2
9,2014-10-30,,Los Angeles Kings,3,0,W,,6,2,1,W 3
10,2014-11-01,,Buffalo Sabres,5,0,W,,7,2,1,W 4
11,2014-11-04,@,Minnesota Wild,4,1,W,,8,2,1,W 5
12,2014-11-06,@,Winnipeg Jets,4,3,W,SO,9,2,1,W 6
13,2014-11-08,@,Buffalo Sabres,6,1,W,,10,2,1,W 7
14,2014-11-11,@,New York Rangers,0,5,L,,10,3,1,L 1
15,2014-11-14,@,Toronto Maple Leafs,2,1,W,,11,3,1,W 1
16,2014-11-15,,New York Rangers,3,2,W,SO,12,3,1,W 2
17,2014-11-18,@,Montreal Canadiens,4,0,W,,13,3,1,W 3
18,2014-11-21,,New York Islanders,4,5,L,SO,13,3,2,L 1
19,2014-11-22,@,New York Islanders,1,4,L,,13,4,2,L 2
20,2014-11-24,@,Boston Bruins,3,2,W,OT,14,4,2,W 1
21,2014-11-26,,Toronto Maple Leafs,4,3,W,OT,15,4,2,W 2
22,2014-11-28,,Carolina Hurricanes,2,4,L,,15,5,2,L 1
23,2014-11-29,@,Carolina Hurricanes,3,2,W,,16,5,2,W 1
24,2014-12-02,,New Jersey Devils,1,0,W,,17,5,2,W 2
25,2014-12-04,,Vancouver Canucks,0,3,L,,17,6,2,L 1
26,2014-12-06,,Ottawa Senators,3,2,W,,18,6,2,W 1
27,2014-12-08,@,New York Rangers,3,4,L,OT,18,6,3,L 1
28,2014-12-12,,Calgary Flames,3,1,W,,19,6,3,W 1
29,2014-12-13,@,Columbus Blue Jackets,3,4,L,SO,19,6,4,L 1
30,2014-12-15,,Tampa Bay Lightning,4,2,W,,20,6,4,W 1
31,2014-12-18,,Colorado Avalanche,1,0,W,OT,21,6,4,W 2
32,2014-12-20,,Florida Panthers,3,1,W,,22,6,4,W 3
33,2014-12-22,@,Florida Panthers,3,4,L,SO,22,6,5,L 1
34,2014-12-23,@,Tampa Bay Lightning,3,4,L,,22,7,5,L 2
35,2014-12-27,,Washington Capitals,0,3,L,,22,8,5,L 3
36,2014-12-29,@,New Jersey Devils,1,3,L,,22,9,5,L 4
37,2014-12-31,,Carolina Hurricanes,2,1,W,,23,9,5,W 1
38,2015-01-02,,Tampa Bay Lightning,6,3,W,,24,9,5,W 2
39,2015-01-03,,Montreal Canadiens,1,4,L,,24,10,5,L 1
40,2015-01-07,,Boston Bruins,2,3,L,OT,24,10,6,L 2
41,2015-01-10,@,Montreal Canadiens,2,1,W,OT,25,10,6,W 1
42,2015-01-13,,Minnesota Wild,7,2,W,,26,10,6,W 2
43,2015-01-16,@,New York Islanders,3,6,L,,26,11,6,L 1
44,2015-01-18,,New York Rangers,2,5,L,,26,12,6,L 2
45,2015-01-20,@,Philadelphia Flyers,2,3,L,OT,26,12,7,L 3
46,2015-01-21,,Chicago Blackhawks,2,3,L,SO,26,12,8,L 4
47,2015-01-27,,Winnipeg Jets,5,3,W,,27,12,8,W 1
48,2015-01-28,@,Washington Capitals,0,4,L,,27,13,8,L 1
49,2015-01-30,@,New Jersey Devils,2,1,W,OT,28,13,8,W 1
50,2015-02-01,,Nashville Predators,0,4,L,,28,14,8,L 1
51,2015-02-04,@,Edmonton Oilers,2,0,W,,29,14,8,W 1
52,2015-02-06,@,Calgary Flames,4,0,W,,30,14,8,W 2
53,2015-02-07,@,Vancouver Canucks,0,5,L,,30,15,8,L 1
54,2015-02-11,,Detroit Red Wings,4,1,W,,31,15,8,W 1
55,2015-02-12,@,Ottawa Senators,5,4,W,SO,32,15,8,W 2
56,2015-02-15,@,Chicago Blackhawks,1,2,L,SO,32,15,9,L 1
57,2015-02-17,,Washington Capitals,1,3,L,,32,16,9,L 2
58,2015-02-19,,Columbus Blue Jackets,1,2,L,,32,17,9,L 3
59,2015-02-21,@,St. Louis Blues,4,2,W,,33,17,9,W 1
60,2015-02-22,,Florida Panthers,5,1,W,,34,17,9,W 2
61,2015-02-25,@,Washington Capitals,4,3,W,,35,17,9,W 3
62,2015-03-01,,Columbus Blue Jackets,5,3,W,,36,17,9,W 4
63,2015-03-04,@,Colorado Avalanche,1,3,L,,36,18,9,L 1
64,2015-03-06,@,Anaheim Ducks,5,2,W,,37,18,9,W 1
65,2015-03-07,@,Los Angeles Kings,1,0,W,OT,38,18,9,W 2
66,2015-03-09,@,San Jose Sharks,1,2,L,SO,38,18,10,L 1
67,2015-03-12,,Edmonton Oilers,6,4,W,,39,18,10,W 1
68,2015-03-14,,Boston Bruins,0,2,L,,39,19,10,L 1
69,2015-03-15,,Detroit Red Wings,1,5,L,,39,20,10,L 2
70,2015-03-17,@,New Jersey Devils,0,2,L,,39,21,10,L 3
71,2015-03-19,@,Dallas Stars,1,2,L,,39,22,10,L 4
72,2015-03-21,@,Arizona Coyotes,3,1,W,,40,22,10,W 1
73,2015-03-24,,St. Louis Blues,2,3,L,OT,40,22,11,L 1
74,2015-03-26,@,Carolina Hurricanes,2,5,L,,40,23,11,L 2
75,2015-03-28,,Arizona Coyotes,3,2,W,,41,23,11,W 1
76,2015-03-29,,San Jose Sharks,3,2,W,SO,42,23,11,W 2
77,2015-04-01,,Philadelphia Flyers,1,4,L,,42,24,11,L 1
78,2015-04-04,@,Columbus Blue Jackets,3,5,L,,42,25,11,L 2
79,2015-04-05,@,Philadelphia Flyers,1,4,L,,42,26,11,L 3
80,2015-04-07,@,Ottawa Senators,3,4,L,OT,42,26,12,L 4
81,2015-04-10,,New York Islanders,1,3,L,,42,27,12,L 5
82,2015-04-11,@,Buffalo Sabres,2,0,W,,43,27,12,W 1
1,2015-10-08,@,Dallas Stars,0,3,L,,0,1,0,L 1,18532,2:41,
2,2015-10-10,@,Arizona Coyotes,1,2,L,,0,2,0,L 2,17125,2:30,
3,2015-10-13,,Montreal Canadiens,2,3,L,,0,3,0,L 3,18626,2:23,
4,2015-10-15,,Ottawa Senators,2,0,W,,1,3,0,W 1,18486,2:29,
5,2015-10-17,,Toronto Maple Leafs,2,1,W,,2,3,0,W 2,18650,2:30,
6,2015-10-20,,Florida Panthers,3,2,W,OT,3,3,0,W 3,18471,2:45,
7,2015-10-22,,Dallas Stars,1,4,L,,3,4,0,L 1,18490,2:32,
8,2015-10-24,@,Nashville Predators,2,1,W,OT,4,4,0,W 1,17163,2:29,
9,2015-10-28,@,Washington Capitals,3,1,W,,5,4,0,W 2,18506,2:27,
10,2015-10-29,,Buffalo Sabres,4,3,W,,6,4,0,W 3,18415,2:28,
11,2015-10-31,@,Toronto Maple Leafs,4,0,W,,7,4,0,W 4,19197,2:30,
12,2015-11-04,@,Vancouver Canucks,3,2,W,,8,4,0,W 5,18570,2:31,
13,2015-11-06,@,Edmonton Oilers,2,1,W,,9,4,0,W 6,16839,2:33,
14,2015-11-07,@,Calgary Flames,2,5,L,,9,5,0,L 1,19289,2:31,
15,2015-11-11,,Montreal Canadiens,4,3,W,SO,10,5,0,W 1,18455,2:44,
16,2015-11-13,,Columbus Blue Jackets,1,2,L,,10,6,0,L 1,18610,2:40,
17,2015-11-14,@,New Jersey Devils,0,4,L,,10,7,0,L 2,16514,2:29,
18,2015-11-17,,Minnesota Wild,4,3,W,,11,7,0,W 1,18495,2:43,
19,2015-11-19,,Colorado Avalanche,4,3,W,,12,7,0,W 2,18430,2:29,
20,2015-11-21,,San Jose Sharks,1,3,L,,12,8,0,L 1,18534,2:29,
21,2015-11-25,,St. Louis Blues,4,3,W,OT,13,8,0,W 1,18569,2:26,
22,2015-11-27,@,Columbus Blue Jackets,1,2,L,OT,13,8,1,L 1,18205,2:43,
23,2015-11-28,,Edmonton Oilers,2,3,L,SO,13,8,2,L 2,18656,2:45,
24,2015-12-01,@,San Jose Sharks,5,1,W,,14,8,2,W 1,16624,2:27,
25,2015-12-05,@,Los Angeles Kings,3,5,L,,14,9,2,L 1,18230,2:28,
26,2015-12-06,@,Anaheim Ducks,1,2,L,,14,10,2,L 2,15836,2:29,
27,2015-12-09,@,Colorado Avalanche,4,2,W,,15,10,2,W 1,15838,2:29,
28,2015-12-11,,Los Angeles Kings,2,3,L,SO,15,10,3,L 1,18489,2:51,
29,2015-12-14,,Washington Capitals,1,4,L,,15,11,3,L 2,18520,2:36,
30,2015-12-16,@,Boston Bruins,0,3,L,,15,12,3,L 3,17565,2:34,
31,2015-12-18,,Boston Bruins,2,6,L,,15,13,3,L 4,18585,2:34,
32,2015-12-19,,Carolina Hurricanes,1,2,L,,15,14,3,L 5,18590,2:17,
33,2015-12-21,,Columbus Blue Jackets,5,2,W,,16,14,3,W 1,18602,2:35,
34,2015-12-26,@,Minnesota Wild,3,1,W,,17,14,3,W 2,19234,2:30,
35,2015-12-27,@,Winnipeg Jets,0,1,L,,17,15,3,L 1,15294,2:20,
36,2015-12-30,,Toronto Maple Leafs,2,3,L,SO,17,15,4,L 2,18662,2:47,
37,2015-12-31,@,Detroit Red Wings,5,2,W,,18,15,4,W 1,20027,2:38,
38,2016-01-02,,New York Islanders,5,2,W,,19,15,4,W 2,18665,2:28,
39,2016-01-05,,Chicago Blackhawks,2,3,L,OT,19,15,5,L 1,18658,2:28,
40,2016-01-06,@,Chicago Blackhawks,1,3,L,,19,16,5,L 2,21908,2:27,
41,2016-01-09,@,Montreal Canadiens,3,1,W,,20,16,5,W 1,21288,2:34,
42,2016-01-12,@,Carolina Hurricanes,2,3,L,OT,20,16,6,L 1,13012,2:21,
43,2016-01-15,@,Tampa Bay Lightning,4,5,L,OT,20,16,7,L 2,19092,2:42,
44,2016-01-17,,Carolina Hurricanes,5,0,W,,21,16,7,W 1,18528,2:28,
45,2016-01-18,@,St. Louis Blues,2,5,L,,21,17,7,L 1,19312,2:30,
46,2016-01-21,,Philadelphia Flyers,4,3,W,,22,17,7,W 1,18652,2:39,
47,2016-01-23,,Vancouver Canucks,5,4,W,,23,17,7,W 2,18539,2:18,
48,2016-01-26,,New Jersey Devils,2,0,W,,24,17,7,W 3,18442,2:28,
49,2016-02-02,,Ottawa Senators,6,5,W,,25,17,7,W 4,18420,2:41,
50,2016-02-05,@,Tampa Bay Lightning,3,6,L,,25,18,7,L 1,19092,2:38,
51,2016-02-06,@,Florida Panthers,3,2,W,OT,26,18,7,W 1,20295,2:38,
52,2016-02-08,,Anaheim Ducks,6,2,W,,27,18,7,W 2,18418,2:34,
53,2016-02-10,,New York Rangers,0,3,L,,27,19,7,L 1,18539,2:21,
54,2016-02-12,@,Carolina Hurricanes,2,1,W,SO,28,19,7,W 1,15783,2:32,
55,2016-02-15,@,Florida Panthers,1,2,L,SO,28,19,8,L 1,15595,2:45,
56,2016-02-18,,Detroit Red Wings,6,3,W,,29,19,8,W 1,18584,2:30,
57,2016-02-20,,Tampa Bay Lightning,2,4,L,,29,20,8,L 1,18643,2:34,
58,2016-02-21,@,Buffalo Sabres,4,3,W,,30,20,8,W 1,19070,2:36,
59,2016-02-24,@,Boston Bruins,1,5,L,,30,21,8,L 1,17565,2:26,
60,2016-02-27,,Winnipeg Jets,4,1,W,,31,21,8,W 1,18650,2:23,
61,2016-02-29,,Arizona Coyotes,6,0,W,,32,21,8,W 2,18435,2:29,
62,2016-03-01,@,Washington Capitals,2,3,L,,32,22,8,L 1,18506,2:30,
63,2016-03-03,,New York Rangers,4,1,W,,33,22,8,W 1,18492,2:22,
64,2016-03-05,,Calgary Flames,2,4,L,,33,23,8,L 1,18663,2:26,
65,2016-03-06,@,New Jersey Devils,6,1,W,,34,23,8,W 1,15856,2:27,
66,2016-03-08,@,New York Islanders,1,2,L,,34,24,8,L 1,14724,2:34,
67,2016-03-11,@,Columbus Blue Jackets,3,2,W,,35,24,8,W 1,18205,2:31,
68,2016-03-13,@,New York Rangers,5,3,W,,36,24,8,W 2,18006,2:25,
69,2016-03-15,,New York Islanders,2,1,W,SO,37,24,8,W 3,18456,2:41,
70,2016-03-17,,Carolina Hurricanes,4,2,W,,38,24,8,W 4,18455,2:31,
71,2016-03-19,@,Philadelphia Flyers,4,1,W,,39,24,8,W 5,19967,2:39,
72,2016-03-20,,Washington Capitals,6,2,W,,40,24,8,W 6,18656,2:41,
73,2016-03-24,,New Jersey Devils,0,3,L,,40,25,8,L 1,18610,2:21,
74,2016-03-26,@,Detroit Red Wings,7,2,W,,41,25,8,W 1,20027,2:36,
75,2016-03-27,@,New York Rangers,3,2,W,OT,42,25,8,W 2,18006,2:42,
76,2016-03-29,,Buffalo Sabres,5,4,W,SO,43,25,8,W 3,18513,2:48,
77,2016-03-31,,Nashville Predators,5,2,W,,44,25,8,W 4,18560,2:26,
78,2016-04-02,@,New York Islanders,5,0,W,,45,25,8,W 5,15795,2:36,
79,2016-04-03,,Philadelphia Flyers,6,2,W,,46,25,8,W 6,18673,2:37,
80,2016-04-05,@,Ottawa Senators,5,3,W,,47,25,8,W 7,19284,2:28,
81,2016-04-07,@,Washington Capitals,4,3,W,OT,48,25,8,W 8,18506,2:37,
82,2016-04-09,@,Philadelphia Flyers,1,3,L,,48,26,8,L 1,19919,2:35,
1,2016-10-13,,Washington Capitals,3,2,W,SO,1,0,0,W 1,18630,2:50,
2,2016-10-15,,Anaheim Ducks,3,2,W,,2,0,0,W 2,18452,2:38,
3,2016-10-17,,Colorado Avalanche,3,4,L,OT,2,0,1,L 1,18431,2:41,
4,2016-10-18,@,Montreal Canadiens,0,4,L,,2,1,1,L 2,21288,2:47,
5,2016-10-20,,San Jose Sharks,3,2,W,,3,1,1,W 1,18511,2:31,
6,2016-10-22,@,Nashville Predators,1,5,L,,3,2,1,L 1,17113,2:31,
7,2016-10-25,,Florida Panthers,3,2,W,,4,2,1,W 1,18434,2:20,
8,2016-10-27,,New York Islanders,4,2,W,,5,2,1,W 2,18422,2:35,
9,2016-10-29,@,Philadelphia Flyers,5,4,W,,6,2,1,W 3,19927,2:41,
10,2016-11-02,@,Anaheim Ducks,5,1,W,,7,2,1,W 4,15543,2:33,
11,2016-11-03,@,Los Angeles Kings,2,3,L,OT,7,2,2,L 1,18230,2:38,
12,2016-11-05,@,San Jose Sharks,5,0,W,,8,2,2,W 1,17562,2:29,
13,2016-11-08,,Edmonton Oilers,4,3,W,,9,2,2,W 2,18576,2:26,
14,2016-11-10,,Minnesota Wild,2,4,L,,9,3,2,L 1,18458,2:34,
15,2016-11-12,,Toronto Maple Leafs,4,1,W,,10,3,2,W 1,18668,2:23,
16,2016-11-16,@,Washington Capitals,1,7,L,,10,4,2,L 1,18506,2:45,
17,2016-11-18,@,New York Islanders,3,2,W,OT,11,4,2,W 1,13365,2:28,
18,2016-11-19,@,Buffalo Sabres,1,2,L,SO,11,4,3,L 1,18817,2:49,
19,2016-11-21,,New York Rangers,2,5,L,,11,5,3,L 2,18632,2:24,
20,2016-11-23,@,New York Rangers,6,1,W,,12,5,3,W 1,18006,2:25,
21,2016-11-25,@,Minnesota Wild,2,6,L,,12,6,3,L 1,19212,2:24,
22,2016-11-26,,New Jersey Devils,4,3,W,SO,13,6,3,W 1,18615,2:56,
23,2016-11-30,@,New York Islanders,3,5,L,,13,7,3,L 1,12149,2:40,
24,2016-12-01,,Dallas Stars,6,2,W,,14,7,3,W 1,18420,2:26,
25,2016-12-03,,Detroit Red Wings,5,3,W,,15,7,3,W 2,18661,2:26,
26,2016-12-05,,Ottawa Senators,8,5,W,,16,7,3,W 3,18414,2:45,
27,2016-12-08,@,Florida Panthers,5,1,W,,17,7,3,W 4,14068,2:27,
28,2016-12-10,@,Tampa Bay Lightning,4,3,W,,18,7,3,W 5,19092,2:41,
29,2016-12-12,,Arizona Coyotes,7,0,W,,19,7,3,W 6,18420,2:28,
30,2016-12-14,,Boston Bruins,4,3,W,OT,20,7,3,W 7,18415,2:38,
31,2016-12-16,,Los Angeles Kings,0,1,L,OT,20,7,4,L 1,18544,2:28,
32,2016-12-17,@,Toronto Maple Leafs,1,2,L,OT,20,7,5,L 2,19553,2:35,
33,2016-12-20,,New York Rangers,7,2,W,,21,7,5,W 1,18541,2:24,
34,2016-12-22,@,Columbus Blue Jackets,1,7,L,,21,8,5,L 1,19115,2:36,
35,2016-12-23,,New Jersey Devils,4,1,W,,22,8,5,W 1,18625,2:33,
36,2016-12-27,@,New Jersey Devils,5,2,W,,23,8,5,W 2,16514,2:37,
37,2016-12-28,,Carolina Hurricanes,3,2,W,,24,8,5,W 3,18653,2:28,
38,2016-12-31,,Montreal Canadiens,4,3,W,OT,25,8,5,W 4,18633,2:40,
39,2017-01-08,,Tampa Bay Lightning,6,2,W,,26,8,5,W 5,18633,2:29,
40,2017-01-11,@,Washington Capitals,2,5,L,,26,9,5,L 1,18506,2:43,
41,2017-01-12,@,Ottawa Senators,1,4,L,,26,10,5,L 2,17769,2:31,
42,2017-01-14,@,Detroit Red Wings,3,6,L,,26,11,5,L 3,20027,2:34,
43,2017-01-16,,Washington Capitals,8,7,W,OT,27,11,5,W 1,18653,2:46,
44,2017-01-18,@,Montreal Canadiens,4,1,W,,28,11,5,W 2,21288,2:28,
45,2017-01-20,@,Carolina Hurricanes,7,1,W,,29,11,5,W 3,17312,2:35,
46,2017-01-22,,Boston Bruins,5,1,W,,30,11,5,W 4,18506,2:42,
47,2017-01-24,,St. Louis Blues,0,3,L,,30,12,5,L 1,18563,2:31,
48,2017-01-26,@,Boston Bruins,3,4,L,,30,13,5,L 2,17565,2:44,
49,2017-01-31,,Nashville Predators,4,2,W,,31,13,5,W 1,18455,2:36,
50,2017-02-03,,Columbus Blue Jackets,4,3,W,OT,32,13,5,W 2,18649,2:31,
51,2017-02-04,@,St. Louis Blues,4,1,W,,33,13,5,W 3,19496,2:29,
52,2017-02-07,,Calgary Flames,2,3,L,SO,33,13,6,L 1,18556,2:40,
53,2017-02-09,@,Colorado Avalanche,4,1,W,,34,13,6,W 1,16777,2:24,
54,2017-02-11,@,Arizona Coyotes,3,4,L,OT,34,13,7,L 1,15879,2:43,
55,2017-02-14,,Vancouver Canucks,4,0,W,,35,13,7,W 1,18653,2:26,
56,2017-02-16,,Winnipeg Jets,4,3,W,OT,36,13,7,W 2,18638,2:42,
57,2017-02-17,@,Columbus Blue Jackets,1,2,L,OT,36,13,8,L 1,19188,2:36,
58,2017-02-19,,Detroit Red Wings,2,5,L,,36,14,8,L 2,18664,2:34,
59,2017-02-21,@,Carolina Hurricanes,3,1,W,,37,14,8,W 1,12145,2:26,
60,2017-02-25,,Philadelphia Flyers,4,2,W,,38,14,8,W 2,67318,2:39,at Heinz Field (Pittsburgh PA)
61,2017-02-28,@,Dallas Stars,2,3,L,,38,15,8,L 1,18235,2:28,
62,2017-03-01,@,Chicago Blackhawks,1,4,L,,38,16,8,L 2,22012,2:22,
63,2017-03-03,,Tampa Bay Lightning,5,2,W,,39,16,8,W 1,18640,2:24,
64,2017-03-05,,Buffalo Sabres,4,3,W,,40,16,8,W 2,18653,2:43,
65,2017-03-08,@,Winnipeg Jets,7,4,W,,41,16,8,W 3,15294,2:45,
66,2017-03-10,@,Edmonton Oilers,3,2,W,SO,42,16,8,W 4,18347,2:32,
67,2017-03-11,@,Vancouver Canucks,3,0,W,,43,16,8,W 5,18865,2:27,
68,2017-03-13,@,Calgary Flames,3,4,L,SO,43,16,9,L 1,19289,2:45,
69,2017-03-15,@,Philadelphia Flyers,0,4,L,,43,17,9,L 2,19514,2:23,
70,2017-03-17,,New Jersey Devils,6,4,W,,44,17,9,W 1,18651,2:41,
71,2017-03-19,,Florida Panthers,4,0,W,,45,17,9,W 2,18653,2:29,
72,2017-03-21,@,Buffalo Sabres,3,1,W,,46,17,9,W 3,18313,2:30,
73,2017-03-23,@,Ottawa Senators,1,2,L,SO,46,17,10,L 1,18102,2:49,
74,2017-03-24,,New York Islanders,3,4,L,SO,46,17,11,L 2,18659,2:45,
75,2017-03-26,,Philadelphia Flyers,2,6,L,,46,18,11,L 3,18654,2:29,
76,2017-03-29,,Chicago Blackhawks,1,5,L,,46,19,11,L 4,18657,2:28,
77,2017-03-31,@,New York Rangers,4,3,W,SO,47,19,11,W 1,18006,2:44,
78,2017-04-02,,Carolina Hurricanes,3,2,W,,48,19,11,W 2,18631,2:25,
79,2017-04-04,,Columbus Blue Jackets,4,1,W,,49,19,11,W 3,18632,2:23,
80,2017-04-06,@,New Jersey Devils,7,4,W,,50,19,11,W 4,14012,2:30,
81,2017-04-08,@,Toronto Maple Leafs,3,5,L,,50,20,11,L 1,19561,2:32,
82,2017-04-09,@,New York Rangers,2,3,L,,50,21,11,L 2,18006,2:29,
1,2017-10-04,,St. Louis Blues,4,5,L,OT,0,0,1,L 1,18652,2:38,
2,2017-10-05,@,Chicago Blackhawks,1,10,L,,0,1,1,L 2,21705,2:35,
3,2017-10-07,,Nashville Predators,4,0,W,,1,1,1,W 1,18645,2:38,
4,2017-10-11,@,Washington Capitals,3,2,W,,2,1,1,W 2,18506,2:34,
5,2017-10-12,@,Tampa Bay Lightning,4,5,L,,2,2,1,L 1,19092,2:42,
6,2017-10-14,,Florida Panthers,4,3,W,,3,2,1,W 1,18582,2:37,
7,2017-10-17,@,New York Rangers,5,4,W,OT,4,2,1,W 2,18006,2:36,
8,2017-10-20,@,Florida Panthers,4,3,W,,5,2,1,W 3,15756,2:41,
9,2017-10-21,@,Tampa Bay Lightning,1,7,L,,5,3,1,L 1,19092,2:36,
10,2017-10-24,,Edmonton Oilers,2,1,W,OT,6,3,1,W 1,18625,2:27,
11,2017-10-26,,Winnipeg Jets,2,1,W,OT,7,3,1,W 2,18445,2:34,
12,2017-10-28,@,Minnesota Wild,1,2,L,,7,4,1,L 1,19064,2:25,
13,2017-10-29,@,Winnipeg Jets,1,7,L,,7,5,1,L 2,15321,2:31,
14,2017-11-01,@,Edmonton Oilers,3,2,W,,8,5,1,W 1,18347,2:35,
15,2017-11-02,@,Calgary Flames,1,2,L,OT,8,5,2,L 1,18837,2:32,
16,2017-11-04,@,Vancouver Canucks,2,4,L,,8,6,2,L 2,18865,2:35,
17,2017-11-07,,Arizona Coyotes,3,1,W,,9,6,2,W 1,18498,2:30,
18,2017-11-10,@,Washington Capitals,1,4,L,,9,7,2,L 1,18506,2:33,
19,2017-11-11,@,Nashville Predators,4,5,L,SO,9,7,3,L 2,17397,2:49,
20,2017-11-14,,Buffalo Sabres,5,4,W,OT,10,7,3,W 1,18438,2:39,
21,2017-11-16,@,Ottawa Senators,3,1,W,,11,7,3,W 2,17144,2:28,
22,2017-11-18,,Chicago Blackhawks,1,2,L,,11,8,3,L 1,18638,2:36,
23,2017-11-22,,Vancouver Canucks,2,5,L,,11,9,3,L 2,18606,2:29,
24,2017-11-24,@,Boston Bruins,3,4,L,,11,10,3,L 3,17565,2:34,
25,2017-11-25,,Tampa Bay Lightning,5,2,W,,12,10,3,W 1,18659,2:34,
26,2017-11-27,,Philadelphia Flyers,5,4,W,OT,13,10,3,W 2,18505,2:45,
27,2017-12-01,@,Buffalo Sabres,4,0,W,,14,10,3,W 3,19070,2:26,
28,2017-12-02,,Buffalo Sabres,5,1,W,,15,10,3,W 4,18582,2:31,
29,2017-12-05,,New York Rangers,3,4,L,,15,11,3,L 1,18414,2:25,
30,2017-12-07,,New York Islanders,4,3,W,OT,16,11,3,W 1,18433,2:32,
31,2017-12-09,,Toronto Maple Leafs,3,4,L,,16,12,3,L 1,18658,2:26,
32,2017-12-11,,Colorado Avalanche,1,2,L,,16,13,3,L 2,18411,2:29,
33,2017-12-14,@,Vegas Golden Knights,1,2,L,,16,14,3,L 3,18029,2:27,
34,2017-12-16,@,Arizona Coyotes,4,2,W,,17,14,3,W 1,13051,2:26,
35,2017-12-18,@,Colorado Avalanche,2,4,L,,17,15,3,L 1,15824,2:24,
36,2017-12-21,,Columbus Blue Jackets,3,2,W,SO,18,15,3,W 1,18625,2:53,
37,2017-12-23,,Anaheim Ducks,0,4,L,,18,16,3,L 1,18622,2:25,
38,2017-12-27,,Columbus Blue Jackets,5,4,W,SO,19,16,3,W 1,18652,2:46,
39,2017-12-29,@,Carolina Hurricanes,1,2,L,,19,17,3,L 1,17975,2:30,
40,2017-12-31,@,Detroit Red Wings,1,4,L,,19,18,3,L 2,19515,2:36,at Little Caesars Arena (Detroit MI)
41,2018-01-02,@,Philadelphia Flyers,5,1,W,,20,18,3,W 1,19558,2:29,
42,2018-01-04,,Carolina Hurricanes,0,4,L,,20,19,3,L 1,18595,2:19,
43,2018-01-05,@,New York Islanders,4,0,W,,21,19,3,W 1,13641,2:37,
44,2018-01-07,,Boston Bruins,6,5,W,OT,22,19,3,W 2,18553,2:36,
45,2018-01-13,,Detroit Red Wings,4,1,W,,23,19,3,W 3,18637,2:26,
46,2018-01-14,,New York Rangers,5,2,W,,24,19,3,W 4,18647,2:31,
47,2018-01-17,@,Anaheim Ducks,3,5,L,,24,20,3,L 1,17291,2:35,
48,2018-01-18,@,Los Angeles Kings,3,1,W,,25,20,3,W 1,18230,2:29,
49,2018-01-20,@,San Jose Sharks,1,2,L,,25,21,3,L 1,17562,2:25,
50,2018-01-23,,Carolina Hurricanes,3,1,W,,26,21,3,W 1,18421,2:30,
51,2018-01-25,,Minnesota Wild,6,3,W,,27,21,3,W 2,18453,2:29,
52,2018-01-30,,San Jose Sharks,5,2,W,,28,21,3,W 3,18469,2:35,
53,2018-02-02,,Washington Capitals,7,4,W,,29,21,3,W 4,18652,2:32,
54,2018-02-03,@,New Jersey Devils,1,3,L,,29,22,3,L 1,16514,2:29,
55,2018-02-06,,Vegas Golden Knights,5,4,W,,30,22,3,W 1,18644,2:32,
56,2018-02-09,@,Dallas Stars,3,4,L,SO,30,22,4,L 1,18532,2:43,
57,2018-02-11,@,St. Louis Blues,4,1,W,,31,22,4,W 1,18975,2:33,
58,2018-02-13,,Ottawa Senators,6,3,W,,32,22,4,W 2,18448,2:35,
59,2018-02-15,,Los Angeles Kings,3,1,W,,33,22,4,W 3,18604,2:25,
60,2018-02-17,,Toronto Maple Leafs,5,3,W,,34,22,4,W 4,18647,2:37,
61,2018-02-18,@,Columbus Blue Jackets,5,2,W,,35,22,4,W 5,19100,2:22,
62,2018-02-23,@,Carolina Hurricanes,6,1,W,,36,22,4,W 6,18180,2:27,
63,2018-02-24,@,Florida Panthers,5,6,L,,36,23,4,L 1,17581,2:34,
64,2018-02-27,,New Jersey Devils,2,3,L,,36,24,4,L 2,18581,2:35,
65,2018-03-01,@,Boston Bruins,4,8,L,,36,25,4,L 3,17565,2:49,
66,2018-03-03,,New York Islanders,3,2,W,OT,37,25,4,W 1,18661,2:31,
67,2018-03-05,,Calgary Flames,4,3,W,OT,38,25,4,W 2,18630,2:35,
68,2018-03-07,@,Philadelphia Flyers,5,2,W,,39,25,4,W 3,19624,2:28,
69,2018-03-10,@,Toronto Maple Leafs,2,5,L,,39,26,4,L 1,19504,2:41,
70,2018-03-11,,Dallas Stars,3,1,W,,40,26,4,W 1,18637,2:29,
71,2018-03-14,@,New York Rangers,3,4,L,OT,40,26,5,L 1,17379,2:30,
72,2018-03-15,@,Montreal Canadiens,5,3,W,,41,26,5,W 1,21302,2:27,
73,2018-03-20,@,New York Islanders,1,4,L,,41,27,5,L 1,10442,2:30,
74,2018-03-21,,Montreal Canadiens,5,3,W,,42,27,5,W 1,18574,2:37,
75,2018-03-23,,New Jersey Devils,3,4,L,OT,42,27,6,L 1,18658,2:39,
76,2018-03-25,,Philadelphia Flyers,5,4,W,OT,43,27,6,W 1,18655,2:27,
77,2018-03-27,@,Detroit Red Wings,2,5,L,,43,28,6,L 1,19515,2:29,at Little Caesars Arena (Detroit MI)
78,2018-03-29,@,New Jersey Devils,4,3,W,OT,44,28,6,W 1,16514,2:34,
79,2018-03-31,,Montreal Canadiens,5,2,W,,45,28,6,W 2,18636,2:26,
80,2018-04-01,,Washington Capitals,1,3,L,,45,29,6,L 1,18639,2:39,
81,2018-04-05,@,Columbus Blue Jackets,5,4,W,OT,46,29,6,W 1,19157,2:38,
82,2018-04-06,,Ottawa Senators,4,0,W,,47,29,6,W 2,18633,2:26,
1,2018-10-04,,Washington Capitals,7,6,W,OT,1,0,0,W 1,18627,2:39,
2,2018-10-06,,Montreal Canadiens,1,5,L,,1,1,0,L 1,18622,2:26,
3,2018-10-11,,Vegas Golden Knights,4,2,W,,2,1,0,W 1,18610,2:27,
4,2018-10-13,@,Montreal Canadiens,3,4,L,SO,2,1,1,L 1,21302,3:23,
5,2018-10-16,,Vancouver Canucks,2,3,L,OT,2,1,2,L 2,18492,2:24,
6,2018-10-18,@,Toronto Maple Leafs,3,0,W,,3,1,2,W 1,19483,2:28,
7,2018-10-23,@,Edmonton Oilers,6,5,W,OT,4,1,2,W 2,18347,2:42,
8,2018-10-25,@,Calgary Flames,9,1,W,,5,1,2,W 3,17834,2:31,
9,2018-10-27,@,Vancouver Canucks,5,0,W,,6,1,2,W 4,17537,2:29,
10,2018-10-30,,New York Islanders,3,6,L,,6,2,2,L 1,18509,2:32,
11,2018-11-01,@,New York Islanders,2,3,L,SO,6,2,3,L 2,10910,2:42,
12,2018-11-03,,Toronto Maple Leafs,0,5,L,,6,3,3,L 3,18638,2:38,
13,2018-11-05,,New Jersey Devils,1,5,L,,6,4,3,L 4,18420,2:38,
14,2018-11-07,@,Washington Capitals,1,2,L,,6,5,3,L 5,18506,2:33,
15,2018-11-10,,Arizona Coyotes,4,0,W,,7,5,3,W 1,18596,2:31,
16,2018-11-13,@,New Jersey Devils,2,4,L,,7,6,3,L 1,15108,2:41,
17,2018-11-15,,Tampa Bay Lightning,3,4,L,,7,7,3,L 2,18422,2:31,
18,2018-11-17,@,Ottawa Senators,4,6,L,,7,8,3,L 3,17692,2:28,
19,2018-11-19,,Buffalo Sabres,4,5,L,OT,7,8,4,L 4,18618,2:37,
20,2018-11-21,,Dallas Stars,5,1,W,,8,8,4,W 1,18430,2:18,
21,2018-11-23,@,Boston Bruins,1,2,L,OT,8,8,5,L 1,17565,2:41,
22,2018-11-24,,Columbus Blue Jackets,4,2,W,,9,8,5,W 1,18602,2:37,
23,2018-11-27,@,Winnipeg Jets,4,3,W,,10,8,5,W 2,15321,2:23,
24,2018-11-28,@,Colorado Avalanche,3,6,L,,10,9,5,L 1,17348,2:31,
25,2018-12-01,,Philadelphia Flyers,2,4,L,,10,10,5,L 2,18653,2:23,
26,2018-12-04,,Colorado Avalanche,6,3,W,,11,10,5,W 1,18415,2:34,
27,2018-12-06,,New York Islanders,6,2,W,,12,10,5,W 2,18440,2:25,
28,2018-12-08,@,Ottawa Senators,1,2,L,OT,12,10,6,L 1,15795,2:28,
29,2018-12-10,@,New York Islanders,2,1,W,SO,13,10,6,W 1,13917,2:43,at Nassau Veterans Memorial Coliseum (Uniondale NY)
30,2018-12-12,@,Chicago Blackhawks,3,6,L,,13,11,6,L 1,21232,2:28,
31,2018-12-14,,Boston Bruins,5,3,W,,14,11,6,W 1,18549,2:32,
32,2018-12-15,,Los Angeles Kings,4,3,W,OT,15,11,6,W 2,18627,2:32,
33,2018-12-17,,Anaheim Ducks,2,4,L,,15,12,6,L 1,18575,2:23,
34,2018-12-19,@,Washington Capitals,2,1,W,,16,12,6,W 1,18506,2:34,
35,2018-12-20,,Minnesota Wild,2,1,W,,17,12,6,W 2,18435,2:29,
36,2018-12-22,@,Carolina Hurricanes,3,0,W,,18,12,6,W 3,16264,2:24,
37,2018-12-27,,Detroit Red Wings,5,2,W,,19,12,6,W 4,18639,2:28,
38,2018-12-29,@,St. Louis Blues,6,1,W,,20,12,6,W 5,17475,2:33,
39,2018-12-31,@,Minnesota Wild,3,2,W,,21,12,6,W 6,19163,2:29,
40,2019-01-02,@,New York Rangers,7,2,W,,22,12,6,W 7,18006,2:31,
41,2019-01-04,,Winnipeg Jets,4,0,W,,23,12,6,W 8,18642,2:29,
42,2019-01-06,,Chicago Blackhawks,3,5,L,,23,13,6,L 1,18623,2:24,
43,2019-01-08,,Florida Panthers,5,1,W,,24,13,6,W 1,18526,2:29,
44,2019-01-11,@,Anaheim Ducks,7,4,W,,25,13,6,W 2,17473,2:25,
45,2019-01-12,@,Los Angeles Kings,2,5,L,,25,14,6,L 1,18414,2:36,
46,2019-01-15,@,San Jose Sharks,2,5,L,,25,15,6,L 2,17292,2:22,
47,2019-01-18,@,Arizona Coyotes,3,2,W,OT,26,15,6,W 1,14757,2:38,
48,2019-01-19,@,Vegas Golden Knights,3,7,L,,26,16,6,L 1,18511,2:36,
49,2019-01-28,,New Jersey Devils,3,6,L,,26,17,6,L 2,18609,2:32,
50,2019-01-30,,Tampa Bay Lightning,4,2,W,,27,17,6,W 1,18514,2:29,
51,2019-02-01,,Ottawa Senators,5,3,W,,28,17,6,W 2,18618,2:29,
52,2019-02-02,@,Toronto Maple Leafs,2,3,L,,28,18,6,L 1,19477,2:30,
53,2019-02-05,,Carolina Hurricanes,0,4,L,,28,19,6,L 2,18435,2:17,
54,2019-02-07,@,Florida Panthers,2,3,L,OT,28,19,7,L 3,14712,2:36,
55,2019-02-09,@,Tampa Bay Lightning,4,5,L,,28,20,7,L 4,19092,2:53,
56,2019-02-11,@,Philadelphia Flyers,4,1,W,,29,20,7,W 1,19103,2:32,
57,2019-02-13,,Edmonton Oilers,3,1,W,,30,20,7,W 2,18570,2:30,
58,2019-02-16,,Calgary Flames,4,5,L,,30,21,7,L 1,18667,2:31,
59,2019-02-17,,New York Rangers,6,5,W,,31,21,7,W 1,18646,2:32,
60,2019-02-19,@,New Jersey Devils,4,3,W,,32,21,7,W 2,15824,2:24,
61,2019-02-21,,San Jose Sharks,0,4,L,,32,22,7,L 1,18362,2:36,
62,2019-02-23,@,Philadelphia Flyers,3,4,L,OT,32,22,8,L 2,69620,2:54,at Lincoln Financial Field (Philadelphia PA)
63,2019-02-26,@,Columbus Blue Jackets,5,2,W,,33,22,8,W 1,18776,2:25,
64,2019-03-01,@,Buffalo Sabres,3,4,L,OT,33,22,9,L 1,19070,2:41,
65,2019-03-02,@,Montreal Canadiens,5,1,W,,34,22,9,W 1,21302,2:28,
66,2019-03-05,,Florida Panthers,3,2,W,OT,35,22,9,W 2,18484,2:34,
67,2019-03-07,,Columbus Blue Jackets,3,0,W,,36,22,9,W 3,18611,2:31,
68,2019-03-09,@,Columbus Blue Jackets,1,4,L,,36,23,9,L 1,19146,2:28,
69,2019-03-10,,Boston Bruins,4,2,W,,37,23,9,W 1,18578,2:29,
70,2019-03-12,,Washington Capitals,5,3,W,,38,23,9,W 2,18640,2:32,
71,2019-03-14,@,Buffalo Sabres,5,0,W,,39,23,9,W 3,18680,2:24,
72,2019-03-16,,St. Louis Blues,1,5,L,,39,24,9,L 1,18641,2:24,
73,2019-03-17,,Philadelphia Flyers,1,2,L,OT,39,24,10,L 2,18636,2:41,
74,2019-03-19,@,Carolina Hurricanes,2,3,L,SO,39,24,11,L 3,14677,2:48,
75,2019-03-21,@,Nashville Predators,2,1,W,SO,40,24,11,W 1,17729,2:39,
76,2019-03-23,@,Dallas Stars,3,2,W,,41,24,11,W 2,18532,2:31,
77,2019-03-25,@,New York Rangers,5,2,W,,42,24,11,W 3,17401,2:23,
78,2019-03-29,,Nashville Predators,1,3,L,,42,25,11,L 1,18632,2:26,
79,2019-03-31,,Carolina Hurricanes,3,1,W,,43,25,11,W 1,18616,2:40,
80,2019-04-02,@,Detroit Red Wings,1,4,L,,43,26,11,L 1,19515,2:27,at Little Caesars Arena (Detroit MI)
81,2019-04-04,,Detroit Red Wings,4,1,W,,44,26,11,W 1,18574,2:26,
82,2019-04-06,,New York Rangers,3,4,L,OT,44,26,12,L 1,18660,2:34,
1,2019-10-03,,Buffalo Sabres,1,3,L,,0,1,0,L 1,18616,2:29,
2,2019-10-05,,Columbus Blue Jackets,7,2,W,,1,1,0,W 1,18595,2:23,
3,2019-10-08,,Winnipeg Jets,1,4,L,,1,2,0,L 1,18420,2:25,
4,2019-10-10,,Anaheim Ducks,2,1,W,,2,2,0,W 1,18414,2:30,
5,2019-10-12,@,Minnesota Wild,7,4,W,,3,2,0,W 2,19157,2:44,
6,2019-10-13,@,Winnipeg Jets,7,2,W,,4,2,0,W 3,15325,2:30,
7,2019-10-16,,Colorado Avalanche,3,2,W,OT,5,2,0,W 4,18458,2:45,
8,2019-10-18,,Dallas Stars,4,2,W,,6,2,0,W 5,18482,2:23,
9,2019-10-19,,Vegas Golden Knights,0,3,L,,6,3,0,L 1,18610,2:29,
10,2019-10-22,@,Florida Panthers,2,4,L,,6,4,0,L 2,12738,2:14,
11,2019-10-23,@,Tampa Bay Lightning,2,3,L,,6,5,0,L 3,19092,2:39,
12,2019-10-26,@,Dallas Stars,3,0,W,,7,5,0,W 1,18532,2:31,
13,2019-10-29,,Philadelphia Flyers,7,1,W,,8,5,0,W 2,18560,2:30,
14,2019-11-02,,Edmonton Oilers,1,2,L,OT,8,5,1,L 1,18618,2:41,
15,2019-11-04,@,Boston Bruins,4,6,L,,8,6,1,L 2,17193,2:33,
16,2019-11-07,@,New York Islanders,4,3,W,OT,9,6,1,W 1,12613,2:25,at Barclays Center (Brooklyn NY)
17,2019-11-09,,Chicago Blackhawks,3,2,W,SO,10,6,1,W 2,18653,2:36,
18,2019-11-12,@,New York Rangers,2,3,L,OT,10,6,2,L 1,16904,2:23,
19,2019-11-15,@,New Jersey Devils,1,2,L,,10,7,2,L 2,16514,2:29,
20,2019-11-16,,Toronto Maple Leafs,6,1,W,,11,7,2,W 1,18587,2:26,
21,2019-11-19,,New York Islanders,4,5,L,OT,11,7,3,L 1,18411,2:41,
22,2019-11-21,@,New York Islanders,3,4,L,OT,11,7,4,L 2,13212,2:46,at Barclays Center (Brooklyn NY)
23,2019-11-22,,New Jersey Devils,4,1,W,,12,7,4,W 1,18420,2:31,
24,2019-11-25,,Calgary Flames,3,2,W,OT,13,7,4,W 2,18437,2:33,
25,2019-11-27,,Vancouver Canucks,8,6,W,,14,7,4,W 3,18465,2:40,
26,2019-11-29,@,Columbus Blue Jackets,2,5,L,,14,8,4,L 1,17402,2:30,
27,2019-11-30,@,St. Louis Blues,2,5,L,,14,9,4,L 2,18096,2:19,
28,2019-12-04,,St. Louis Blues,3,0,W,,15,9,4,W 1,18411,2:22,
29,2019-12-06,,Arizona Coyotes,2,0,W,,16,9,4,W 2,18432,2:25,
30,2019-12-07,@,Detroit Red Wings,5,3,W,,17,9,4,W 3,19515,2:29,
31,2019-12-10,,Montreal Canadiens,1,4,L,,17,10,4,L 1,18422,2:25,
32,2019-12-12,,Columbus Blue Jackets,1,0,W,OT,18,10,4,W 1,18415,2:24,
33,2019-12-14,,Los Angeles Kings,5,4,W,SO,19,10,4,W 2,18581,2:47,
34,2019-12-17,@,Calgary Flames,4,1,W,,20,10,4,W 3,18412,2:22,
35,2019-12-20,@,Edmonton Oilers,5,2,W,,21,10,4,W 4,18347,2:21,
36,2019-12-21,@,Vancouver Canucks,1,4,L,,21,11,4,L 1,18285,2:29,
37,2019-12-27,@,Nashville Predators,5,2,W,,22,11,4,W 1,17849,2:31,
38,2019-12-28,,Nashville Predators,6,4,W,,23,11,4,W 2,18628,2:33,
39,2019-12-30,,Ottawa Senators,5,2,W,,24,11,4,W 3,18653,2:37,
40,2020-01-02,,San Jose Sharks,2,3,L,OT,24,11,5,L 1,18620,2:35,
41,2020-01-04,@,Montreal Canadiens,3,2,W,OT,25,11,5,W 1,21302,2:34,
42,2020-01-05,,Florida Panthers,1,4,L,,25,12,5,L 1,18564,2:25,
43,2020-01-07,@,Vegas Golden Knights,4,3,W,,26,12,5,W 1,18298,2:30,
44,2020-01-10,@,Colorado Avalanche,4,3,W,OT,27,12,5,W 2,18132,2:32,
45,2020-01-12,@,Arizona Coyotes,4,3,W,SO,28,12,5,W 3,13755,2:39,
46,2020-01-14,,Minnesota Wild,7,3,W,,29,12,5,W 4,18545,2:26,
47,2020-01-16,@,Boston Bruins,1,4,L,,29,13,5,L 1,17850,2:37,
48,2020-01-17,@,Detroit Red Wings,2,1,W,OT,30,13,5,W 1,19515,2:21,
49,2020-01-19,,Boston Bruins,4,3,W,,31,13,5,W 2,18655,2:32,
50,2020-01-21,@,Philadelphia Flyers,0,3,L,,31,14,5,L 1,19120,2:21,
51,2020-01-31,,Philadelphia Flyers,4,3,W,OT,32,14,5,W 1,18647,2:23,
52,2020-02-02,@,Washington Capitals,4,3,W,,33,14,5,W 2,18573,2:29,
53,2020-02-06,@,Tampa Bay Lightning,2,4,L,,33,15,5,L 1,19092,2:34,
54,2020-02-08,@,Florida Panthers,3,2,W,,34,15,5,W 1,17773,2:35,
55,2020-02-11,,Tampa Bay Lightning,1,2,L,OT,34,15,6,L 1,18445,2:29,
56,2020-02-14,,Montreal Canadiens,4,1,W,,35,15,6,W 1,18650,2:16,
57,2020-02-16,,Detroit Red Wings,5,1,W,,36,15,6,W 2,18654,2:19,
58,2020-02-18,,Toronto Maple Leafs,5,2,W,,37,15,6,W 3,18466,2:30,
59,2020-02-20,@,Toronto Maple Leafs,0,4,L,,37,16,6,L 1,19386,2:25,
60,2020-02-22,,Buffalo Sabres,2,5,L,,37,17,6,L 2,18620,2:25,
61,2020-02-23,@,Washington Capitals,3,5,L,,37,18,6,L 3,18573,2:38,
62,2020-02-26,@,Los Angeles Kings,1,2,L,,37,19,6,L 4,16898,2:22,
63,2020-02-28,@,Anaheim Ducks,2,3,L,,37,20,6,L 5,16588,2:28,
64,2020-02-29,@,San Jose Sharks,0,5,L,,37,21,6,L 6,17562,2:29,
65,2020-03-03,,Ottawa Senators,7,3,W,,38,21,6,W 1,18455,2:32,
66,2020-03-05,@,Buffalo Sabres,4,2,W,,39,21,6,W 2,18236,2:26,
67,2020-03-07,,Washington Capitals,2,5,L,,39,22,6,L 1,18656,2:26,
68,2020-03-08,,Carolina Hurricanes,2,6,L,,39,23,6,L 2,18548,2:31,
69,2020-03-10,@,New Jersey Devils,5,2,W,,40,23,6,W 1,13473,2:19,
1,2021-01-13,@,Philadelphia Flyers,3,6,L,,0,1,0,L 1,,2:21,
2,2021-01-15,@,Philadelphia Flyers,2,5,L,,0,2,0,L 2,,2:23,
3,2021-01-17,,Washington Capitals,4,3,W,SO,1,2,0,W 1,,2:40,
4,2021-01-19,,Washington Capitals,5,4,W,OT,2,2,0,W 2,,2:34,
5,2021-01-22,,New York Rangers,4,3,W,SO,3,2,0,W 3,,2:27,
6,2021-01-24,,New York Rangers,3,2,W,,4,2,0,W 4,,2:25,
7,2021-01-26,@,Boston Bruins,2,3,L,OT,4,2,1,L 1,,2:40,
8,2021-01-28,@,Boston Bruins,1,4,L,,4,3,1,L 2,,2:15,
9,2021-01-30,@,New York Rangers,5,4,W,OT,5,3,1,W 1,,2:27,
10,2021-02-01,@,New York Rangers,1,3,L,,5,4,1,L 1,,2:20,
11,2021-02-06,@,New York Islanders,3,4,L,,5,5,1,L 2,,2:15,
12,2021-02-11,@,New York Islanders,4,3,W,SO,6,5,1,W 1,,2:40,
13,2021-02-14,,Washington Capitals,6,3,W,,7,5,1,W 2,,2:30,
14,2021-02-16,,Washington Capitals,1,3,L,,7,6,1,L 1,,2:22,
15,2021-02-18,,New York Islanders,4,1,W,,8,6,1,W 1,,2:22,
16,2021-02-20,,New York Islanders,3,2,W,,9,6,1,W 2,,2:20,
17,2021-02-23,@,Washington Capitals,3,2,W,OT,10,6,1,W 3,,2:30,
18,2021-02-25,@,Washington Capitals,2,5,L,,10,7,1,L 1,,2:25,
19,2021-02-27,@,New York Islanders,4,3,W,OT,11,7,1,W 1,,2:30,
20,2021-02-28,@,New York Islanders,0,2,L,,11,8,1,L 1,,2:22,
21,2021-03-02,,Philadelphia Flyers,5,2,W,,12,8,1,W 1,2800,2:27,
22,2021-03-04,,Philadelphia Flyers,3,4,L,,12,9,1,L 1,2800,2:25,
23,2021-03-06,,Philadelphia Flyers,4,3,W,,13,9,1,W 1,2800,2:30,
24,2021-03-07,,New York Rangers,5,1,W,,14,9,1,W 2,2800,2:26,
25,2021-03-09,,New York Rangers,4,2,W,,15,9,1,W 3,2800,2:28,
26,2021-03-11,@,Buffalo Sabres,5,2,W,,16,9,1,W 4,,2:22,
27,2021-03-13,@,Buffalo Sabres,3,0,W,,17,9,1,W 5,,2:22,
28,2021-03-15,,Boston Bruins,4,1,W,,18,9,1,W 6,2800,2:28,
29,2021-03-16,,Boston Bruins,1,2,L,,18,10,1,L 1,2800,2:30,
30,2021-03-18,@,New Jersey Devils,2,3,L,,18,11,1,L 2,1800,2:33,
31,2021-03-20,@,New Jersey Devils,3,1,W,,19,11,1,W 1,1800,2:22,
32,2021-03-21,,New Jersey Devils,1,2,L,OT,19,11,2,L 1,2800,2:21,
33,2021-03-24,,Buffalo Sabres,5,2,W,,20,11,2,W 1,2800,2:26,
34,2021-03-25,,Buffalo Sabres,4,0,W,,21,11,2,W 2,2800,2:25,
35,2021-03-27,,New York Islanders,6,3,W,,22,11,2,W 3,2800,2:23,
36,2021-03-29,,New York Islanders,2,1,W,,23,11,2,W 4,2800,2:26,
37,2021-04-01,@,Boston Bruins,4,1,W,,24,11,2,W 5,2191,2:33,
38,2021-04-03,@,Boston Bruins,5,7,L,,24,12,2,L 1,2191,2:44,
39,2021-04-06,@,New York Rangers,4,8,L,,24,13,2,L 2,1693,2:30,
40,2021-04-08,@,New York Rangers,5,2,W,,25,13,2,W 1,1800,2:25,
41,2021-04-09,@,New Jersey Devils,6,4,W,,26,13,2,W 2,3600,2:27,
42,2021-04-11,@,New Jersey Devils,5,2,W,,27,13,2,W 3,3600,2:29,
43,2021-04-15,,Philadelphia Flyers,1,2,L,SO,27,13,3,L 1,4672,2:40,
44,2021-04-17,@,Buffalo Sabres,3,2,W,,28,13,3,W 1,,2:17,
45,2021-04-18,@,Buffalo Sabres,2,4,L,,28,14,3,L 1,,2:25,
46,2021-04-20,,New Jersey Devils,7,6,W,,29,14,3,W 1,4672,2:31,
47,2021-04-22,,New Jersey Devils,5,1,W,,30,14,3,W 2,4672,2:15,
48,2021-04-24,,New Jersey Devils,4,2,W,,31,14,3,W 3,4672,2:24,
49,2021-04-25,,Boston Bruins,1,0,W,,32,14,3,W 4,4672,2:26,
50,2021-04-27,,Boston Bruins,1,3,L,,32,15,3,L 1,4672,2:26,
51,2021-04-29,@,Washington Capitals,5,4,W,OT,33,15,3,W 1,2133,2:44,
52,2021-05-01,@,Washington Capitals,3,0,W,,34,15,3,W 2,2133,2:25,
53,2021-05-03,@,Philadelphia Flyers,2,7,L,,34,16,3,L 1,2542,2:32,
54,2021-05-04,@,Philadelphia Flyers,7,3,W,,35,16,3,W 1,2961,2:33,
55,2021-05-06,,Buffalo Sabres,8,4,W,,36,16,3,W 2,4672,2:19,
56,2021-05-08,,Buffalo Sabres,1,0,W,,37,16,3,W 3,4672,2:16,
1,2021-10-12,@,Tampa Bay Lightning,6,2,W,,1,0,0,W 1,19092,2:33,
2,2021-10-14,@,Florida Panthers,4,5,L,OT,1,0,1,L 1,14308,2:40,
3,2021-10-16,,Chicago Blackhawks,5,2,W,,2,0,1,W 1,18420,2:15,
4,2021-10-19,,Dallas Stars,1,2,L,SO,2,0,2,L 1,16450,2:28,
5,2021-10-23,,Toronto Maple Leafs,7,1,W,,3,0,2,W 1,15397,2:29,
6,2021-10-26,,Tampa Bay Lightning,1,5,L,,3,1,2,L 1,15732,2:28,
7,2021-10-28,,Calgary Flames,0,4,L,,3,2,2,L 2,17743,2:23,
8,2021-10-30,,New Jersey Devils,2,4,L,,3,3,2,L 3,17452,2:28,
9,2021-11-04,,Philadelphia Flyers,3,2,W,OT,4,3,2,W 1,17037,2:31,
10,2021-11-06,,Minnesota Wild,4,5,L,SO,4,3,3,L 1,17181,2:46,
11,2021-11-09,@,Chicago Blackhawks,2,3,L,SO,4,3,4,L 2,17736,2:41,
12,2021-11-11,,Florida Panthers,3,2,W,SO,5,3,4,W 1,17194,2:39,
13,2021-11-13,@,Ottawa Senators,3,6,L,,5,4,4,L 1,14661,2:22,
14,2021-11-14,@,Washington Capitals,1,6,L,,5,5,4,L 2,18573,2:21,
15,2021-11-16,,Buffalo Sabres,1,2,L,,5,6,4,L 3,16366,2:30,
16,2021-11-18,@,Montreal Canadiens,6,0,W,,6,6,4,W 1,20712,2:12,
17,2021-11-20,@,Toronto Maple Leafs,2,0,W,,7,6,4,W 2,19531,2:17,
18,2021-11-22,@,Winnipeg Jets,3,1,W,,8,6,4,W 3,13570,2:19,
19,2021-11-24,,Vancouver Canucks,4,1,W,,9,6,4,W 4,17590,2:24,
20,2021-11-26,@,New York Islanders,1,0,W,,10,6,4,W 5,17255,2:21,
21,2021-11-27,,Montreal Canadiens,3,6,L,,10,7,4,L 1,17985,2:34,
22,2021-11-29,@,Calgary Flames,1,2,L,SO,10,7,5,L 2,15343,2:43,
23,2021-12-01,@,Edmonton Oilers,2,5,L,,10,8,5,L 3,17130,2:29,
24,2021-12-04,@,Vancouver Canucks,4,1,W,,11,8,5,W 1,18422,2:24,
25,2021-12-06,@,Seattle Kraken,6,1,W,,12,8,5,W 2,17151,2:24,
26,2021-12-10,@,Washington Capitals,4,2,W,,13,8,5,W 3,18573,2:29,
27,2021-12-11,,Anaheim Ducks,1,0,W,,14,8,5,W 4,17435,2:20,
28,2021-12-14,,Montreal Canadiens,5,2,W,,15,8,5,W 5,17005,2:22,
29,2021-12-17,,Buffalo Sabres,3,2,W,OT,16,8,5,W 6,17456,2:33,
30,2021-12-19,@,New Jersey Devils,3,2,W,,17,8,5,W 7,14857,2:22,
31,2022-01-02,,San Jose Sharks,8,5,W,,18,8,5,W 8,18066,2:27,
32,2022-01-05,,St. Louis Blues,5,3,W,,19,8,5,W 9,17921,2:33,
33,2022-01-06,@,Philadelphia Flyers,6,2,W,,20,8,5,W 10,17944,2:21,
34,2022-01-08,@,Dallas Stars,2,3,L,,20,9,5,L 1,18532,2:25,
35,2022-01-11,@,Anaheim Ducks,4,1,W,,21,9,5,W 1,11431,2:26,
36,2022-01-13,@,Los Angeles Kings,2,6,L,,21,10,5,L 1,14348,2:24,
37,2022-01-15,@,San Jose Sharks,2,1,W,OT,22,10,5,W 1,13686,2:20,
38,2022-01-17,@,Vegas Golden Knights,5,3,W,,23,10,5,W 2,18213,2:27,
39,2022-01-20,,Ottawa Senators,6,4,W,,24,10,5,W 3,18060,2:39,
40,2022-01-21,@,Columbus Blue Jackets,5,2,W,,25,10,5,W 4,18477,2:29,
41,2022-01-23,,Winnipeg Jets,3,2,W,SO,26,10,5,W 5,17962,2:43,
42,2022-01-25,,Arizona Coyotes,6,3,W,,27,10,5,W 6,16360,2:17,
43,2022-01-27,,Seattle Kraken,1,2,L,OT,27,10,6,L 1,18228,2:20,
44,2022-01-28,,Detroit Red Wings,2,3,L,SO,27,10,7,L 2,18369,2:41,
45,2022-01-30,,Los Angeles Kings,3,4,L,,27,11,7,L 3,18237,2:31,
46,2022-02-01,,Washington Capitals,3,4,L,OT,27,11,8,L 4,17826,2:43,
47,2022-02-08,@,Boston Bruins,4,2,W,,28,11,8,W 1,17850,2:32,
48,2022-02-10,@,Ottawa Senators,2,0,W,,29,11,8,W 2,500,2:18,
49,2022-02-13,@,New Jersey Devils,4,2,W,,30,11,8,W 3,11242,2:16,
50,2022-02-15,,Philadelphia Flyers,5,4,W,OT,31,11,8,W 4,18385,2:34,
51,2022-02-17,@,Toronto Maple Leafs,1,4,L,,31,12,8,L 1,8139,2:30,
52,2022-02-20,,Carolina Hurricanes,3,4,L,,31,13,8,L 2,18429,2:25,
53,2022-02-24,,New Jersey Devils,1,6,L,,31,14,8,L 3,18057,2:22,
54,2022-02-26,,New York Rangers,1,0,W,,32,14,8,W 1,18413,2:29,
55,2022-02-27,@,Columbus Blue Jackets,3,2,W,,33,14,8,W 2,17072,2:29,
56,2022-03-03,@,Tampa Bay Lightning,5,1,W,,34,14,8,W 3,19092,2:37,
57,2022-03-04,@,Carolina Hurricanes,2,3,L,OT,34,14,9,L 1,19023,2:40,
58,2022-03-08,,Florida Panthers,3,4,L,,34,15,9,L 2,17876,2:29,
59,2022-03-11,,Vegas Golden Knights,5,2,W,,35,15,9,W 1,18341,2:23,
60,2022-03-13,,Carolina Hurricanes,4,2,W,,36,15,9,W 2,17866,2:38,
61,2022-03-15,@,Nashville Predators,1,4,L,,36,16,9,L 1,17498,2:23,
62,2022-03-17,@,St. Louis Blues,3,2,W,SO,37,16,9,W 1,18096,2:43,
63,2022-03-19,@,Arizona Coyotes,4,1,W,,38,16,9,W 2,14507,2:19,
64,2022-03-22,,Columbus Blue Jackets,5,1,W,,39,16,9,W 3,18196,2:21,
65,2022-03-23,@,Buffalo Sabres,3,4,L,SO,39,16,10,L 1,9399,2:35,
66,2022-03-25,@,New York Rangers,1,5,L,,39,17,10,L 2,18006,2:20,
67,2022-03-27,,Detroit Red Wings,11,2,W,,40,17,10,W 1,17842,2:34,
68,2022-03-29,,New York Rangers,2,3,L,,40,18,10,L 1,18011,2:17,
69,2022-03-31,@,Minnesota Wild,4,3,W,OT,41,18,10,W 1,18978,2:41,
70,2022-04-02,@,Colorado Avalanche,2,3,L,,41,19,10,L 1,18102,2:37,
71,2022-04-05,,Colorado Avalanche,4,6,L,,41,20,10,L 2,17409,2:31,
72,2022-04-07,@,New York Rangers,0,3,L,,41,21,10,L 3,16694,2:24,
73,2022-04-09,,Washington Capitals,3,6,L,,41,22,10,L 4,18404,2:39,
74,2022-04-10,,Nashville Predators,3,2,W,OT,42,22,10,W 1,17553,2:35,
75,2022-04-12,@,New York Islanders,4,5,L,SO,42,22,11,L 1,15924,2:40,
76,2022-04-14,,New York Islanders,6,3,W,,43,22,11,W 1,18236,2:29,
77,2022-04-16,@,Boston Bruins,1,2,L,,43,23,11,L 1,17850,2:26,
78,2022-04-21,,Boston Bruins,4,0,W,,44,23,11,W 1,18350,2:30,
79,2022-04-23,@,Detroit Red Wings,7,2,W,,45,23,11,W 2,19515,2:26,
80,2022-04-24,@,Philadelphia Flyers,1,4,L,,45,24,11,L 1,18601,2:37,
81,2022-04-26,,Edmonton Oilers,1,5,L,,45,25,11,L 2,17804,2:26,
82,2022-04-29,,Columbus Blue Jackets,5,3,W,,46,25,11,W 1,18402,2:29,
1,2022-10-13,7:00 PM,,Arizona Coyotes,6,2,W,,1,0,0,W 1,18355,2:34,
2,2022-10-15,7:00 PM,,Tampa Bay Lightning,6,2,W,,2,0,0,W 2,18416,2:25,